Domain,Nameserver1,Nameserver2
warior88.org,hank.ns.cloudflare.com,shaz.ns.cloudflare.com
bc889.net,hank.ns.cloudflare.com,shaz.ns.cloudflare.com
bc889.org,hank.ns.cloudflare.com,shaz.ns.cloudflare.com
bestwin123.co,hank.ns.cloudflare.com,shaz.ns.cloudflare.com
luca178.com,hank.ns.cloudflare.com,shaz.ns.cloudflare.com
megabet3333.org,hank.ns.cloudflare.com,shaz.ns.cloudflare.com
shark89.net,hank.ns.cloudflare.com,shaz.ns.cloudflare.com
royalth99.org,hank.ns.cloudflare.com,shaz.ns.cloudflare.com
copa928.org,hank.ns.cloudflare.com,shaz.ns.cloudflare.com
shanghai999.org,hank.ns.cloudflare.com,shaz.ns.cloudflare.com
dgb222.org,hank.ns.cloudflare.com,shaz.ns.cloudflare.com
99allure.org,hank.ns.cloudflare.com,shaz.ns.cloudflare.com
windragon168.org,hank.ns.cloudflare.com,shaz.ns.cloudflare.com
sathu88.org,hank.ns.cloudflare.com,shaz.ns.cloudflare.com
vr1game.org,hank.ns.cloudflare.com,shaz.ns.cloudflare.com
arbet55.org,hank.ns.cloudflare.com,shaz.ns.cloudflare.com
babet55.org,hank.ns.cloudflare.com,shaz.ns.cloudflare.com
87samurai.org,hank.ns.cloudflare.com,shaz.ns.cloudflare.com
pdd555.org,hank.ns.cloudflare.com,shaz.ns.cloudflare.com
pg191.org,hank.ns.cloudflare.com,shaz.ns.cloudflare.com
royal6666.org,hank.ns.cloudflare.com,shaz.ns.cloudflare.com
success1899.com,hank.ns.cloudflare.com,shaz.ns.cloudflare.com
da69.net,hank.ns.cloudflare.com,shaz.ns.cloudflare.com
huge777.net,hank.ns.cloudflare.com,shaz.ns.cloudflare.com
huge777.org,hank.ns.cloudflare.com,shaz.ns.cloudflare.com
hiso168.net,hank.ns.cloudflare.com,shaz.ns.cloudflare.com
th263.net,hank.ns.cloudflare.com,shaz.ns.cloudflare.com
th263.org,hank.ns.cloudflare.com,shaz.ns.cloudflare.com
success189.co,hank.ns.cloudflare.com,shaz.ns.cloudflare.com
gslotz888.org,hank.ns.cloudflare.com,shaz.ns.cloudflare.com
mafa191.org,hank.ns.cloudflare.com,shaz.ns.cloudflare.com
